{"eval/runtime":0.3696,"eval/macro_f1":0.40063228541151535,"_step":19,"_wandb":{"runtime":40},"eval/accuracy":0.6690647482014388,"eval/loss":0.904191792011261,"eval/micro_f1":0.6690647482014388,"train/global_step":159,"train_samples_per_second":150.86,"train/loss":0.618,"_timestamp":1.7301698435000794e+09,"eval/steps_per_second":13.528,"_runtime":40.987154865,"train_runtime":33.5675,"total_flos":3.33110559117312e+14,"train/epoch":3,"train/grad_norm":5.235192775726318,"train_steps_per_second":4.737,"train/learning_rate":2.830188679245283e-06,"train_loss":0.8967314126356593,"eval/samples_per_second":376.08}