{"train/learning_rate":6.17283950617284e-07,"train_steps_per_second":4.386,"_timestamp":1.7301680042989132e+09,"train/loss":0.3405,"train/epoch":3,"train/global_step":324,"_runtime":83.862537512,"train_runtime":73.8658,"eval/macro_f1":0.7803645842350004,"eval/runtime":2.6226,"eval/micro_f1":0.8571428571428571,"eval/loss":0.4341246485710144,"eval/samples_per_second":427.052,"train_samples_per_second":140.2,"train_loss":0.5029747156817236,"train/grad_norm":16.714508056640625,"eval/accuracy":0.8571428571428571,"total_flos":6.81200638497792e+14,"_wandb":{"runtime":83},"_step":36,"eval/steps_per_second":13.345}