{"train/loss":0.8934,"eval/steps_per_second":28.026,"train_loss":1.1984882744603187,"total_flos":3.4236387846144e+14,"train_steps_per_second":12.598,"eval/macro_f1":0.26177058808637754,"_step":35,"_runtime":32.61625488,"eval/micro_f1":0.6115107913669064,"eval/loss":1.048376202583313,"eval/samples_per_second":432.854,"train/learning_rate":2.515723270440252e-06,"_timestamp":1.7302174680916545e+09,"train/grad_norm":4.539179801940918,"train_samples_per_second":200.625,"_wandb":{"runtime":32},"train/global_step":318,"train_runtime":25.2411,"train/epoch":3,"eval/runtime":0.3211,"eval/accuracy":0.6115107913669064}