{"eval/macro_f1":0.9284171402250008,"_step":132,"_wandb":{"runtime":117},"_timestamp":1.7302184358043282e+09,"_runtime":117.317465404,"eval/loss":0.217324361205101,"eval/samples_per_second":447.934,"train/grad_norm":3.7994112968444824,"train_steps_per_second":12.941,"train_samples_per_second":206.81,"train_runtime":99.2213,"train/epoch":3,"eval/accuracy":0.9302631578947368,"eval/runtime":1.6967,"train_loss":0.2989022357627239,"total_flos":1.38727962980352e+15,"eval/micro_f1":0.9302631578947368,"train/loss":0.2654,"eval/steps_per_second":28.291,"train/global_step":1284,"train/learning_rate":3.1152647975077885e-07}