{"_step":35,"train/epoch":3,"eval/macro_f1":0.31312914971085887,"train_samples_per_second":198.921,"eval/samples_per_second":386.193,"eval/loss":0.9882006645202637,"total_flos":3.4236387846144e+14,"train_runtime":25.4573,"train_loss":1.1213771412207645,"train/grad_norm":4.538651943206787,"eval/steps_per_second":25.005,"train/global_step":318,"_runtime":33.795251415,"_wandb":{"runtime":33},"train_steps_per_second":12.492,"train/learning_rate":2.515723270440252e-06,"_timestamp":1.7302173786947165e+09,"eval/accuracy":0.6618705035971223,"eval/micro_f1":0.6618705035971223,"eval/runtime":0.3599,"train/loss":0.9877}