{"train_loss":0.2605777435306448,"eval/macro_f1":0.92039024675651,"train/learning_rate":1.5576323987538942e-07,"_step":68,"eval/micro_f1":0.9223684210526316,"eval/accuracy":0.9223684210526316,"train/loss":0.0892,"eval/steps_per_second":13.278,"total_flos":1.34978395189248e+15,"train/grad_norm":3.9050183296203613,"train_steps_per_second":4.886,"eval/loss":0.23149807751178741,"train_runtime":131.3893,"_wandb":{"runtime":148},"train/epoch":3,"eval/samples_per_second":420.483,"eval/runtime":1.8074,"_timestamp":1.7301689214862294e+09,"train_samples_per_second":156.177,"_runtime":148.138566722,"train/global_step":642}