{"eval/accuracy":0.8375,"train/learning_rate":6.17283950617284e-07,"eval/samples_per_second":430.735,"eval/loss":0.4568692445755005,"train_steps_per_second":4.602,"eval/micro_f1":0.8375,"train/epoch":3,"eval/steps_per_second":13.46,"_wandb":{"runtime":80},"eval/macro_f1":0.7557688619233426,"_step":36,"train_loss":0.46541137165493435,"train/grad_norm":6.056338310241699,"_runtime":80.183670759,"train_samples_per_second":147.089,"train/global_step":324,"train_runtime":70.4062,"train/loss":0.2975,"_timestamp":1.7301693016375163e+09,"eval/runtime":2.6002,"total_flos":6.81200638497792e+14}