{"train/grad_norm":10.72945499420166,"train/learning_rate":6.17283950617284e-07,"eval/samples_per_second":417.587,"_step":36,"train/global_step":324,"train/loss":0.3423,"eval/loss":0.5562402009963989,"_runtime":84.41380973,"total_flos":6.81200638497792e+14,"eval/micro_f1":0.8339285714285715,"train_steps_per_second":4.443,"eval/macro_f1":0.7522650448419247,"train_samples_per_second":142.011,"_timestamp":1.7301708541670341e+09,"train/epoch":3,"train_runtime":72.9238,"eval/accuracy":0.8339285714285715,"eval/steps_per_second":13.05,"_wandb":{"runtime":84},"eval/runtime":2.6821,"train_loss":0.4435697988963421}