{"train/loss":1.0349,"_runtime":33.27504605,"eval/macro_f1":0.30185452793834294,"eval/loss":1.0269771814346313,"train/grad_norm":7.237707614898682,"train/global_step":318,"train_loss":1.1483614789614887,"_wandb":{"runtime":33},"train_samples_per_second":201.039,"_step":35,"_timestamp":1.7302173336451888e+09,"eval/samples_per_second":433.128,"train_steps_per_second":12.624,"train/learning_rate":2.515723270440252e-06,"eval/accuracy":0.6546762589928058,"eval/runtime":0.3209,"train/epoch":3,"eval/micro_f1":0.6546762589928058,"eval/steps_per_second":28.044,"total_flos":3.4236387846144e+14,"train_runtime":25.1892}