{"eval/macro_f1":0.6721690590111642,"eval/steps_per_second":13.439,"eval/accuracy":0.7769784172661871,"_runtime":43.973259051,"train_samples_per_second":145.779,"_timestamp":1.7301713094476173e+09,"train/epoch":3,"eval/micro_f1":0.7769784172661871,"_step":19,"train/global_step":159,"total_flos":3.33110559117312e+14,"train/learning_rate":2.830188679245283e-06,"eval/loss":0.718490719795227,"train/loss":0.4108,"eval/samples_per_second":373.613,"train_loss":0.7003533810189685,"eval/runtime":0.372,"train/grad_norm":5.980276584625244,"_wandb":{"runtime":43},"train_runtime":34.7376,"train_steps_per_second":4.577}