{"_wandb":{"runtime":81},"eval/samples_per_second":426.255,"eval/macro_f1":0.7893600149866574,"train_samples_per_second":143.866,"eval/loss":0.40222352743148804,"train/learning_rate":6.17283950617284e-07,"eval/accuracy":0.8625,"train/loss":0.3098,"_step":36,"train/epoch":3,"eval/runtime":2.6275,"train_loss":0.4593634022238814,"train/grad_norm":12.202892303466797,"eval/steps_per_second":13.32,"train_steps_per_second":4.501,"total_flos":6.81200638497792e+14,"_runtime":81.547146355,"eval/micro_f1":0.8625,"train_runtime":71.9838,"_timestamp":1.7301678123592634e+09,"train/global_step":324}