{"train/learning_rate":2.830188679245283e-06,"_wandb":{"runtime":42},"train_steps_per_second":4.529,"train/global_step":159,"_step":19,"_timestamp":1.7301682711281838e+09,"eval/runtime":0.3798,"_runtime":42.898376758,"train_samples_per_second":144.257,"eval/macro_f1":0.304732868757259,"eval/micro_f1":0.6474820143884892,"eval/samples_per_second":365.938,"train/grad_norm":9.883550643920898,"train_runtime":35.1039,"total_flos":3.33110559117312e+14,"eval/loss":1.0021508932113647,"eval/accuracy":0.6474820143884892,"train/loss":0.8373,"eval/steps_per_second":13.163,"train_loss":1.1061964394911281,"train/epoch":3}