{"_timestamp":1.7301673846454175e+09,"train/global_step":324,"train_steps_per_second":4.483,"_runtime":83.563981782,"train_loss":0.46951552268899516,"train/grad_norm":7.241805553436279,"eval/macro_f1":0.7599339921015998,"_step":36,"total_flos":6.81200638497792e+14,"train_runtime":72.275,"train/learning_rate":6.17283950617284e-07,"eval/steps_per_second":13.442,"train/loss":0.1882,"train/epoch":3,"eval/runtime":2.6038,"eval/loss":0.4805285930633545,"eval/accuracy":0.8517857142857143,"train_samples_per_second":143.286,"eval/micro_f1":0.8517857142857143,"_wandb":{"runtime":83},"eval/samples_per_second":430.146}