{"eval/runtime":0.3681,"_runtime":40.588411903,"train/global_step":159,"train_samples_per_second":151.047,"eval/loss":0.8799325227737427,"train/loss":0.6641,"eval/accuracy":0.7338129496402878,"total_flos":3.33110559117312e+14,"eval/macro_f1":0.48351074058621224,"train_steps_per_second":4.743,"train/learning_rate":2.830188679245283e-06,"_step":19,"eval/samples_per_second":377.629,"train_runtime":33.5261,"_wandb":{"runtime":40},"_timestamp":1.7301696918813312e+09,"train/grad_norm":6.524724960327148,"eval/micro_f1":0.7338129496402878,"train_loss":0.9123491731079869,"train/epoch":3,"eval/steps_per_second":13.584}