{"train/global_step":642,"eval/runtime":1.8201,"eval/steps_per_second":13.186,"train/grad_norm":0.25252974033355713,"train/learning_rate":1.5576323987538942e-07,"eval/loss":0.2917160391807556,"eval/samples_per_second":417.566,"_step":68,"_runtime":149.801352988,"train_runtime":131.2255,"_wandb":{"runtime":149},"total_flos":1.34978395189248e+15,"train_loss":0.2549418249048548,"train_samples_per_second":156.372,"train/loss":0.0619,"eval/micro_f1":0.9184210526315789,"train_steps_per_second":4.892,"_timestamp":1.7301723412374701e+09,"eval/accuracy":0.9184210526315789,"train/epoch":3,"eval/macro_f1":0.9165686657926725}