{"eval/accuracy":0.9381578947368421,"train_runtime":148.8158,"_timestamp":1.730170329022176e+09,"eval/loss":0.23075295984745026,"_step":68,"train/loss":0.1483,"train/global_step":642,"eval/micro_f1":0.9381578947368421,"_runtime":166.073337367,"eval/steps_per_second":13.483,"total_flos":1.34978395189248e+15,"train/epoch":3,"train_samples_per_second":137.889,"train_loss":0.23852945297863626,"train/grad_norm":3.720519542694092,"eval/runtime":1.78,"_wandb":{"runtime":166},"eval/macro_f1":0.9366970588439704,"train/learning_rate":1.5576323987538942e-07,"train_steps_per_second":4.314,"eval/samples_per_second":426.96}