{"train/epoch":3,"train_runtime":71.4543,"_timestamp":1.730169588098457e+09,"total_flos":6.81200638497792e+14,"_wandb":{"runtime":81},"eval/macro_f1":0.7576431278637656,"eval/runtime":2.7524,"eval/accuracy":0.84375,"eval/samples_per_second":406.919,"train/grad_norm":8.06070327758789,"eval/micro_f1":0.84375,"train_loss":0.45120528156374706,"train/global_step":324,"eval/steps_per_second":12.716,"_runtime":81.3552285,"eval/loss":0.4331778585910797,"train/learning_rate":6.17283950617284e-07,"_step":36,"train_steps_per_second":4.534,"train/loss":0.2673,"train_samples_per_second":144.932}