{"total_flos":1.38727962980352e+15,"train/global_step":1284,"train_steps_per_second":12.971,"_runtime":118.967528708,"eval/runtime":1.6821,"eval/micro_f1":0.9381578947368421,"train/loss":0.1571,"train/grad_norm":3.8953192234039307,"train/epoch":3,"train_loss":0.30493656618990633,"train_runtime":98.9907,"train_samples_per_second":207.292,"_wandb":{"runtime":118},"train/learning_rate":3.1152647975077885e-07,"eval/loss":0.21163329482078552,"eval/steps_per_second":28.536,"_step":132,"_timestamp":1.7302185679374278e+09,"eval/accuracy":0.9381578947368421,"eval/samples_per_second":451.817,"eval/macro_f1":0.936597611538788}