{"eval/samples_per_second":448.463,"_timestamp":1.730217243097601e+09,"_wandb":{"runtime":68},"train/epoch":3,"eval/runtime":2.4974,"train/loss":0.3629,"eval/steps_per_second":28.029,"train/global_step":648,"_step":68,"train_steps_per_second":11.355,"total_flos":7.00123895829504e+14,"eval/micro_f1":0.8455357142857143,"eval/macro_f1":0.746302218002809,"train/grad_norm":5.685275554656982,"_runtime":68.495776619,"eval/loss":0.4223693311214447,"train_samples_per_second":181.463,"train_loss":0.5132583545313941,"train_runtime":57.0695,"train/learning_rate":1.234567901234568e-06,"eval/accuracy":0.8455357142857143}