{"train_steps_per_second":4.833,"train_samples_per_second":154.467,"total_flos":1.34978395189248e+15,"eval/steps_per_second":13.314,"eval/macro_f1":0.9378002090829497,"train/loss":0.0702,"train/grad_norm":1.5211069583892822,"eval/accuracy":0.9394736842105263,"train/epoch":3,"train/learning_rate":1.5576323987538942e-07,"_runtime":150.198786021,"train/global_step":642,"_step":68,"_timestamp":1.7301687611015902e+09,"eval/micro_f1":0.9394736842105263,"_wandb":{"runtime":150},"train_loss":0.2513722055403057,"train_runtime":132.844,"eval/samples_per_second":421.605,"eval/loss":0.1937248259782791,"eval/runtime":1.8026}