{"train_samples_per_second":156.684,"train/grad_norm":2.2222697734832764,"_runtime":155.933567311,"eval/loss":0.2151927798986435,"train_steps_per_second":4.902,"eval/runtime":1.8105,"train_loss":0.25824284651012064,"eval/micro_f1":0.9368421052631579,"train/epoch":3,"eval/macro_f1":0.9355868351852675,"_wandb":{"runtime":155},"_timestamp":1.730168437437495e+09,"train/loss":0.0733,"eval/samples_per_second":419.765,"train/learning_rate":1.5576323987538942e-07,"total_flos":1.34978395189248e+15,"train_runtime":130.9645,"_step":68,"eval/steps_per_second":13.256,"eval/accuracy":0.9368421052631579,"train/global_step":642}