{"train/grad_norm":4.592168807983398,"eval/micro_f1":0.8598214285714286,"_timestamp":1.7302155637161028e+09,"_step":68,"_runtime":66.5929474,"train_steps_per_second":11.423,"eval/runtime":2.5264,"train_samples_per_second":182.555,"eval/loss":0.3892113268375397,"train/global_step":648,"train/learning_rate":1.234567901234568e-06,"train/loss":0.3125,"eval/accuracy":0.8598214285714286,"eval/samples_per_second":443.321,"_wandb":{"runtime":66},"eval/steps_per_second":27.708,"eval/macro_f1":0.7779575902373342,"train/epoch":3,"train_loss":0.5173642374115226,"total_flos":7.00123895829504e+14,"train_runtime":56.728}