{"train_steps_per_second":4.98,"total_flos":1.34978395189248e+15,"eval/loss":0.2261222004890442,"train_samples_per_second":159.165,"_wandb":{"runtime":145},"train/global_step":642,"train/epoch":3,"eval/accuracy":0.9342105263157895,"_timestamp":1.730170640517332e+09,"eval/micro_f1":0.9342105263157895,"train/learning_rate":1.5576323987538942e-07,"eval/macro_f1":0.9324764464624392,"train/loss":0.0589,"eval/samples_per_second":414.071,"_runtime":145.879855804,"train_runtime":128.9229,"train/grad_norm":1.622358798980713,"eval/runtime":1.8354,"eval/steps_per_second":13.076,"train_loss":0.227645236563599,"_step":68}