{"train/global_step":324,"train/epoch":3,"total_flos":6.81200638497792e+14,"_timestamp":1.7301677191936688e+09,"eval/accuracy":0.8410714285714286,"eval/micro_f1":0.8410714285714286,"eval/steps_per_second":13.333,"train/learning_rate":6.17283950617284e-07,"train_steps_per_second":4.425,"eval/runtime":2.6251,"eval/loss":0.45841461420059204,"_step":36,"train_samples_per_second":141.441,"_wandb":{"runtime":84},"train/loss":0.3294,"train_runtime":73.2178,"_runtime":84.326260607,"train_loss":0.48545451517458316,"eval/samples_per_second":426.647,"eval/macro_f1":0.7498475549451843,"train/grad_norm":9.452235221862793}