{"eval/macro_f1":0.9092428548358638,"train_steps_per_second":4.822,"_step":68,"_timestamp":1.7301715801580918e+09,"train/learning_rate":1.5576323987538942e-07,"train_loss":0.2655628261814979,"train/global_step":642,"eval/loss":0.28849586844444275,"eval/micro_f1":0.9105263157894737,"eval/samples_per_second":393.84,"eval/steps_per_second":12.437,"train/loss":0.0926,"train_runtime":133.1267,"eval/accuracy":0.9105263157894737,"_wandb":{"runtime":154},"total_flos":1.34978395189248e+15,"train/epoch":3,"train/grad_norm":0.8882043361663818,"eval/runtime":1.9297,"train_samples_per_second":154.139,"_runtime":154.72369465}