{"train_samples_per_second":151.86,"eval/micro_f1":0.7122302158273381,"_timestamp":1.7301697429902303e+09,"eval/steps_per_second":13.776,"train/grad_norm":4.329620838165283,"train_steps_per_second":4.768,"train/epoch":3,"eval/runtime":0.363,"train/learning_rate":2.830188679245283e-06,"train_runtime":33.3466,"train/loss":0.6298,"train/global_step":159,"eval/loss":0.9064655900001526,"_step":19,"_wandb":{"runtime":40},"eval/accuracy":0.7122302158273381,"_runtime":40.57983515,"total_flos":3.33110559117312e+14,"eval/samples_per_second":382.959,"train_loss":0.931038553609788,"eval/macro_f1":0.4377450980392157}