{"_step":19,"eval/runtime":0.3776,"eval/samples_per_second":368.13,"train/global_step":159,"eval/steps_per_second":13.242,"total_flos":3.33110559117312e+14,"_timestamp":1.7301681626548717e+09,"eval/loss":0.7761780619621277,"eval/macro_f1":0.5311321561321561,"train/grad_norm":16.2200984954834,"eval/accuracy":0.7482014388489209,"train_steps_per_second":4.448,"_wandb":{"runtime":43},"train_loss":0.9133337308775704,"train/learning_rate":2.830188679245283e-06,"_runtime":43.617117645,"eval/micro_f1":0.7482014388489209,"train/loss":0.6331,"train_runtime":35.7471,"train/epoch":3,"train_samples_per_second":141.662}