{"_runtime":33.353829183,"train_runtime":25.1445,"train/loss":0.9962,"eval/loss":1.014938235282898,"eval/micro_f1":0.6330935251798561,"eval/macro_f1":0.29280066184485704,"eval/runtime":0.4312,"_step":35,"total_flos":3.4236387846144e+14,"train_loss":1.1588239909717872,"train/epoch":3,"_wandb":{"runtime":33},"train/learning_rate":2.515723270440252e-06,"train_steps_per_second":12.647,"_timestamp":1.7302172894541779e+09,"eval/samples_per_second":322.348,"train_samples_per_second":201.396,"eval/accuracy":0.6330935251798561,"eval/steps_per_second":20.871,"train/global_step":318,"train/grad_norm":15.458972930908203}