{"eval/samples_per_second":443.912,"train/epoch":3,"train_steps_per_second":11.343,"train_runtime":57.126,"train/grad_norm":8.430130004882812,"train/global_step":648,"eval/loss":0.41000115871429443,"total_flos":7.00123895829504e+14,"_wandb":{"runtime":66},"eval/micro_f1":0.85,"train/learning_rate":1.234567901234568e-06,"train_samples_per_second":181.284,"train/loss":0.4203,"eval/macro_f1":0.7622422182649239,"train_loss":0.5163627274242448,"_runtime":66.164320654,"eval/steps_per_second":27.744,"_step":68,"_timestamp":1.7302149319855483e+09,"eval/accuracy":0.85,"eval/runtime":2.523}