{"eval/macro_f1":0.5301939826905627,"eval/accuracy":0.7194244604316546,"eval/steps_per_second":13.375,"_runtime":41.965870536,"train/global_step":159,"eval/samples_per_second":371.834,"train_samples_per_second":148.35,"train/epoch":3,"eval/runtime":0.3738,"train_runtime":34.1354,"train_loss":0.8508403526162202,"_timestamp":1.7301696402587066e+09,"_step":19,"eval/loss":0.8605475425720215,"train/loss":0.4819,"_wandb":{"runtime":41},"train/learning_rate":2.830188679245283e-06,"total_flos":3.33110559117312e+14,"train/grad_norm":4.392106533050537,"train_steps_per_second":4.658,"eval/micro_f1":0.7194244604316546}