{"train_samples_per_second":180.408,"train_runtime":57.4032,"train_loss":0.5002802926817058,"_wandb":{"runtime":67},"train/epoch":3,"train/loss":0.3017,"_runtime":67.296628889,"_timestamp":1.730217083551244e+09,"eval/loss":0.41766369342803955,"eval/macro_f1":0.7714545751363104,"total_flos":7.00123895829504e+14,"train/global_step":648,"eval/runtime":2.5476,"train/grad_norm":9.154374122619629,"train/learning_rate":1.234567901234568e-06,"eval/samples_per_second":439.63,"train_steps_per_second":11.289,"eval/steps_per_second":27.477,"eval/micro_f1":0.8526785714285714,"_step":68,"eval/accuracy":0.8526785714285714}