{"train/epoch":3,"eval/loss":0.46150410175323486,"train_steps_per_second":4.619,"_timestamp":1.7301694974867928e+09,"eval/steps_per_second":13.657,"_wandb":{"runtime":80},"train/grad_norm":3.9260177612304688,"eval/accuracy":0.8401785714285714,"eval/macro_f1":0.7561126312474892,"train/learning_rate":6.17283950617284e-07,"train/global_step":324,"train_runtime":70.1389,"_step":36,"_runtime":80.290874525,"train_loss":0.43343573385550654,"train_samples_per_second":147.65,"eval/micro_f1":0.8401785714285714,"total_flos":6.81200638497792e+14,"train/loss":0.2124,"eval/samples_per_second":437.031,"eval/runtime":2.5627}