{"train/global_step":159,"eval/accuracy":0.7841726618705036,"eval/runtime":0.6685,"train/loss":0.3893,"train/grad_norm":3.5105698108673096,"eval/loss":0.7619702219963074,"_timestamp":1.730171415171764e+09,"_runtime":43.341813276,"train/epoch":3,"eval/micro_f1":0.7841726618705036,"train/learning_rate":2.830188679245283e-06,"eval/steps_per_second":7.48,"eval/samples_per_second":207.942,"_wandb":{"runtime":43},"train_loss":0.7162072928446643,"eval/macro_f1":0.6780918776321764,"train_runtime":34.0819,"train_samples_per_second":148.583,"train_steps_per_second":4.665,"_step":19,"total_flos":3.33110559117312e+14}