{"train/grad_norm":0.3893112540245056,"train/learning_rate":3.1152647975077885e-07,"train_steps_per_second":12.984,"_wandb":{"runtime":119},"eval/samples_per_second":445.779,"eval/loss":0.21000827848911285,"train_samples_per_second":207.495,"_step":132,"eval/macro_f1":0.9326072761277214,"eval/steps_per_second":28.154,"train/epoch":3,"eval/accuracy":0.9342105263157895,"eval/runtime":1.7049,"eval/micro_f1":0.9342105263157895,"train/loss":0.1169,"train_runtime":98.8937,"train/global_step":1284,"_timestamp":1.7302183044637022e+09,"_runtime":119.16012468,"train_loss":0.29747371786387167,"total_flos":1.38727962980352e+15}