{"_timestamp":1.7301721803362448e+09,"eval/micro_f1":0.9171052631578948,"total_flos":1.34978395189248e+15,"eval/runtime":1.8177,"train/learning_rate":1.5576323987538942e-07,"eval/accuracy":0.9171052631578948,"eval/loss":0.28237617015838623,"eval/steps_per_second":13.203,"train/epoch":3,"train_samples_per_second":108.041,"_runtime":207.84446056,"train/loss":0.1118,"eval/samples_per_second":418.111,"train_loss":0.25456743069991145,"train/global_step":642,"_wandb":{"runtime":207},"_step":68,"train_runtime":189.9272,"train/grad_norm":6.565779209136963,"eval/macro_f1":0.915850204379182,"train_steps_per_second":3.38}