{"_wandb":{"runtime":65},"train/epoch":3,"train_loss":0.5200374748235868,"train/grad_norm":8.347564697265625,"_step":68,"total_flos":7.00123895829504e+14,"eval/samples_per_second":450.024,"train_steps_per_second":11.503,"train_runtime":56.3351,"eval/loss":0.419301837682724,"_runtime":65.651686153,"train/global_step":648,"train_samples_per_second":183.829,"eval/steps_per_second":28.126,"_timestamp":1.7302154085358236e+09,"train/learning_rate":1.234567901234568e-06,"eval/macro_f1":0.7566929751734154,"train/loss":0.3721,"eval/accuracy":0.85,"eval/micro_f1":0.85,"eval/runtime":2.4888}