{"_step":23,"train/loss":0.9694,"_runtime":82.57963237,"_timestamp":1.730172075180055e+09,"_wandb":{"runtime":84},"eval/steps_per_second":5.534,"eval/loss":0.888198733329773,"train/global_step":220,"eval/macro_f1":0.2626262626262626,"eval/micro_f1":0.65,"eval/runtime":6.3245,"train/epoch":2.037037037037037,"train/learning_rate":1.604938271604938e-05,"eval/samples_per_second":177.09,"train/grad_norm":2.467550277709961,"eval/accuracy":0.65}