{"train/learning_rate":2.839506172839506e-05,"train/epoch":1.2962962962962963,"eval/loss":0.8930164575576782,"_step":14,"train/global_step":140,"eval/micro_f1":0.65,"eval/steps_per_second":6.481,"eval/runtime":5.4008,"_timestamp":1.7301702681125808e+09,"eval/accuracy":0.65,"eval/macro_f1":0.2626262626262626,"_runtime":52.512914498,"_wandb":{"runtime":53},"train/grad_norm":0.7984504699707031,"train/loss":0.9441,"eval/samples_per_second":207.376}