{"_wandb":{"runtime":83},"train/global_step":324,"_step":36,"_timestamp":1.7301663350201986e+09,"eval/runtime":2.7395,"_runtime":83.122080585,"train/grad_norm":12.94897174835205,"train/loss":0.2882,"eval/samples_per_second":408.829,"train/epoch":3,"eval/accuracy":0.8553571428571428,"eval/micro_f1":0.8553571428571428,"train_loss":0.4585628557352372,"eval/loss":0.44220271706581116,"train_samples_per_second":141.609,"train_runtime":73.1309,"train_steps_per_second":4.43,"train/learning_rate":6.17283950617284e-07,"eval/macro_f1":0.7827515545587834,"eval/steps_per_second":12.776,"total_flos":6.81200638497792e+14}