{"train/grad_norm":3.3943235874176025,"eval/samples_per_second":372.834,"train_samples_per_second":153.097,"train_steps_per_second":4.807,"train/global_step":159,"total_flos":3.33110559117312e+14,"train/epoch":3,"eval/steps_per_second":13.411,"train/loss":0.3105,"_wandb":{"runtime":41},"eval/micro_f1":0.7697841726618705,"train/learning_rate":2.830188679245283e-06,"_timestamp":1.730171361857726e+09,"eval/macro_f1":0.679613872717321,"train_loss":0.6951437476296095,"train_runtime":33.0771,"_runtime":41.960151816,"eval/accuracy":0.7697841726618705,"eval/loss":0.7505977153778076,"eval/runtime":0.3728,"_step":19}