{"train/grad_norm":1.0541833639144897,"train/loss":0.9308,"train/epoch":0.9259259259259259,"_wandb":{"runtime":26},"train/learning_rate":3.45679012345679e-05,"_runtime":22.470067267,"train/global_step":100,"_timestamp":1.7301714282835543e+09,"_step":9}