{"train_samples_per_second":147.292,"eval/accuracy":0.8375,"train/loss":0.1439,"train/learning_rate":6.17283950617284e-07,"train_runtime":70.3092,"eval/loss":0.5401439070701599,"total_flos":6.81200638497792e+14,"eval/steps_per_second":13.282,"eval/macro_f1":0.7604474566288077,"train_loss":0.4370833768704791,"train_steps_per_second":4.608,"_timestamp":1.7301709481547034e+09,"train/grad_norm":7.163868427276611,"train/epoch":3,"_step":36,"eval/micro_f1":0.8375,"eval/runtime":2.6351,"train/global_step":324,"_wandb":{"runtime":81},"eval/samples_per_second":425.039,"_runtime":81.62201647}