{"train/epoch":3,"eval/accuracy":0.65,"_runtime":42.462866008,"_wandb":{"runtime":42},"eval/loss":0.859452486038208,"train_runtime":32.1289,"_timestamp":1.73021457593276e+09,"train_steps_per_second":20.169,"train_loss":0.9243651724156038,"eval/samples_per_second":474.236,"total_flos":7.00123895829504e+14,"eval/micro_f1":0.65,"train/loss":0.9541,"_step":68,"eval/steps_per_second":29.64,"train/learning_rate":1.234567901234568e-06,"train_samples_per_second":322.327,"train/grad_norm":3.568488359451294,"eval/runtime":2.3617,"eval/macro_f1":0.2626262626262626,"train/global_step":648}