{"eval/samples_per_second":413.66,"train/global_step":324,"eval/micro_f1":0.8348214285714286,"_step":36,"eval/runtime":2.7075,"total_flos":6.81200638497792e+14,"eval/accuracy":0.8348214285714286,"train/grad_norm":9.286813735961914,"train_samples_per_second":141.196,"_runtime":84.617967572,"train_loss":0.45767201943162045,"eval/loss":0.5365697145462036,"train_steps_per_second":4.417,"train/epoch":3,"train_runtime":73.3448,"_timestamp":1.7301711492582793e+09,"train/learning_rate":6.17283950617284e-07,"train/loss":0.2154,"eval/macro_f1":0.7545993324809896,"eval/steps_per_second":12.927,"_wandb":{"runtime":84}}