{"eval/samples_per_second":430.04,"eval/accuracy":0.8348214285714286,"eval/steps_per_second":13.439,"_step":36,"_runtime":108.330682128,"eval/micro_f1":0.8348214285714286,"eval/runtime":2.6044,"train/epoch":3,"train_steps_per_second":4.632,"train/loss":0.1979,"eval/macro_f1":0.7446244553180622,"train_loss":0.4677183872755663,"_wandb":{"runtime":108},"total_flos":6.81200638497792e+14,"eval/loss":0.5200051665306091,"_timestamp":1.730170759277667e+09,"train/grad_norm":3.0919015407562256,"train_samples_per_second":148.061,"train/global_step":324,"train_runtime":69.9442,"train/learning_rate":6.17283950617284e-07}