{"eval/steps_per_second":28.839,"eval/macro_f1":0.9341785097992056,"train_samples_per_second":37.617,"train_loss":0.29876715404408,"train/epoch":3,"eval/micro_f1":0.9355263157894737,"_wandb":{"runtime":562},"train/global_step":1284,"_runtime":562.719111213,"train_steps_per_second":2.354,"eval/samples_per_second":456.61,"train/grad_norm":5.757472515106201,"eval/loss":0.22134444117546082,"_step":132,"total_flos":1.38727962980352e+15,"eval/runtime":1.6644,"train_runtime":545.4932,"train/loss":0.2328,"eval/accuracy":0.9355263157894737,"_timestamp":1.7302181729733245e+09,"train/learning_rate":3.1152647975077885e-07}