{"train/grad_norm":8.42241096496582,"eval/loss":0.7090662121772766,"train/global_step":159,"eval/runtime":0.4448,"total_flos":3.33110559117312e+14,"_timestamp":1.7301712040921671e+09,"_runtime":43.540913973,"train/learning_rate":2.830188679245283e-06,"eval/samples_per_second":312.52,"_step":19,"eval/macro_f1":0.6806595365418895,"train_samples_per_second":145.415,"eval/steps_per_second":11.242,"train_loss":0.7053872399360129,"train/loss":0.4269,"train/epoch":3,"_wandb":{"runtime":43},"eval/micro_f1":0.7985611510791367,"eval/accuracy":0.7985611510791367,"train_steps_per_second":4.566,"train_runtime":34.8245}