{"train_loss":0.9868521480440343,"total_flos":3.33110559117312e+14,"train/learning_rate":2.830188679245283e-06,"train_samples_per_second":146.074,"_step":19,"train_steps_per_second":4.586,"train/epoch":3,"eval/accuracy":0.7338129496402878,"_timestamp":1.7301682160234675e+09,"_runtime":42.137731509,"_wandb":{"runtime":42},"train/loss":0.6682,"train/global_step":159,"train/grad_norm":9.018494606018066,"eval/steps_per_second":13.631,"train_runtime":34.6674,"eval/macro_f1":0.4532756132756133,"eval/micro_f1":0.7338129496402878,"eval/runtime":0.3668,"eval/samples_per_second":378.949,"eval/loss":0.8632587194442749}