{"_wandb":{"runtime":42},"_runtime":42.045492182,"train_steps_per_second":4.666,"eval/loss":1.036176085472107,"train_loss":1.1845164089082922,"train/loss":0.9796,"train/grad_norm":6.894118309020996,"train/learning_rate":2.830188679245283e-06,"eval/accuracy":0.6258992805755396,"train_runtime":34.0739,"_step":19,"eval/runtime":0.3909,"eval/micro_f1":0.6258992805755396,"eval/macro_f1":0.2853672499961318,"train/epoch":3,"total_flos":3.33110559117312e+14,"eval/steps_per_second":12.792,"train/global_step":159,"eval/samples_per_second":355.616,"train_samples_per_second":148.618,"_timestamp":1.7301680576052525e+09}