{"train/global_step":642,"_wandb":{"runtime":151},"eval/macro_f1":0.9285422625726016,"eval/accuracy":0.9302631578947368,"eval/samples_per_second":419.775,"train/grad_norm":7.295128345489502,"train_runtime":133.5897,"train/epoch":3,"eval/steps_per_second":13.256,"train/learning_rate":1.5576323987538942e-07,"train_steps_per_second":4.806,"eval/loss":0.2278440147638321,"_step":68,"eval/runtime":1.8105,"train/loss":0.0832,"eval/micro_f1":0.9302631578947368,"train_samples_per_second":153.605,"_runtime":151.285398444,"_timestamp":1.7301690843200963e+09,"train_loss":0.2544972099062067,"total_flos":1.34978395189248e+15}