{"eval/loss":0.27603405714035034,"total_flos":1.34978395189248e+15,"eval/accuracy":0.9197368421052632,"train_runtime":187.743,"train/loss":0.0972,"eval/macro_f1":0.9186293817267915,"eval/micro_f1":0.9197368421052632,"_runtime":206.854811967,"_step":68,"train/epoch":3,"train_samples_per_second":109.298,"train_steps_per_second":3.42,"train/global_step":642,"eval/steps_per_second":13.486,"_timestamp":1.7301719618661556e+09,"eval/runtime":1.7796,"train/grad_norm":7.907832622528076,"train_loss":0.26012449695313833,"train/learning_rate":1.5576323987538942e-07,"_wandb":{"runtime":206},"eval/samples_per_second":427.063}