{"eval/loss":0.21346016228199005,"_timestamp":1.7302175966586974e+09,"train_runtime":99.8392,"train/loss":0.0974,"_runtime":118.126352934,"train_samples_per_second":205.53,"train/grad_norm":2.008960485458374,"eval/macro_f1":0.9274007692409284,"total_flos":1.38727962980352e+15,"train/epoch":3,"eval/steps_per_second":28.084,"eval/micro_f1":0.9289473684210526,"train_loss":0.29690667081659083,"train/global_step":1284,"_wandb":{"runtime":118},"eval/runtime":1.7092,"eval/accuracy":0.9289473684210526,"train_steps_per_second":12.861,"eval/samples_per_second":444.663,"_step":132,"train/learning_rate":3.1152647975077885e-07}