{"train/grad_norm":6.066943168640137,"_step":35,"train_runtime":25.2391,"_timestamp":1.7302174241306052e+09,"train_samples_per_second":200.641,"train/learning_rate":2.515723270440252e-06,"_runtime":33.847140374,"eval/micro_f1":0.6258992805755396,"total_flos":3.4236387846144e+14,"eval/steps_per_second":27.464,"eval/loss":1.01079261302948,"train/global_step":318,"eval/macro_f1":0.2638954033771107,"train/epoch":3,"_wandb":{"runtime":33},"train_loss":1.1566407005741912,"eval/samples_per_second":424.168,"eval/accuracy":0.6258992805755396,"eval/runtime":0.3277,"train/loss":0.9088,"train_steps_per_second":12.6}