{"train/epoch":3,"train/global_step":642,"train_runtime":130.7591,"_runtime":149.381658846,"_timestamp":1.730171739488367e+09,"eval/accuracy":0.9131578947368421,"eval/macro_f1":0.9121994598476194,"eval/runtime":1.8055,"train/loss":0.0744,"total_flos":1.34978395189248e+15,"eval/samples_per_second":420.936,"train/learning_rate":1.5576323987538942e-07,"eval/micro_f1":0.9131578947368421,"eval/steps_per_second":13.293,"_wandb":{"runtime":149},"train_steps_per_second":4.91,"eval/loss":0.2681531012058258,"train_samples_per_second":156.93,"_step":68,"train_loss":0.26341831897649437,"train/grad_norm":1.0727038383483887}