{"eval/micro_f1":0.8526785714285714,"_step":68,"eval/steps_per_second":27.918,"train/grad_norm":4.432289123535156,"eval/samples_per_second":446.682,"train_runtime":57.0043,"train_steps_per_second":11.368,"train/global_step":648,"_timestamp":1.7302169241687102e+09,"train_samples_per_second":181.671,"total_flos":7.00123895829504e+14,"eval/runtime":2.5074,"train_loss":0.509087406190825,"train/epoch":3,"eval/accuracy":0.8526785714285714,"eval/macro_f1":0.7640293304986492,"_wandb":{"runtime":68},"_runtime":68.223017093,"train/loss":0.3728,"eval/loss":0.42310598492622375,"train/learning_rate":1.234567901234568e-06}