{"train/global_step":648,"_wandb":{"runtime":65},"total_flos":7.00123895829504e+14,"eval/macro_f1":0.7195321826325286,"_step":68,"train/loss":0.4122,"eval/micro_f1":0.8366071428571429,"train/learning_rate":1.234567901234568e-06,"train_loss":0.5855851986525972,"eval/samples_per_second":448.381,"eval/steps_per_second":28.024,"train/grad_norm":4.020395278930664,"train_samples_per_second":184.559,"eval/loss":0.44240838289260864,"_runtime":65.58293102,"train_runtime":56.112,"eval/accuracy":0.8366071428571429,"eval/runtime":2.4979,"_timestamp":1.7302153311535664e+09,"train_steps_per_second":11.548,"train/epoch":3}