{"_step":19,"train_loss":0.9011734416649776,"eval/runtime":0.3602,"_runtime":40.807210533,"train_steps_per_second":4.717,"train_runtime":33.7101,"_timestamp":1.7301697931083415e+09,"eval/loss":0.9078168272972107,"train/epoch":3,"train/loss":0.6564,"eval/steps_per_second":13.88,"_wandb":{"runtime":40},"eval/macro_f1":0.3192421288912517,"train/global_step":159,"train/grad_norm":6.0013508796691895,"eval/samples_per_second":385.874,"eval/accuracy":0.6618705035971223,"eval/micro_f1":0.6618705035971223,"train_samples_per_second":150.222,"total_flos":3.33110559117312e+14,"train/learning_rate":2.830188679245283e-06}