{"_runtime":150.24395252,"eval/accuracy":0.9342105263157895,"train_runtime":131.7072,"train_samples_per_second":155.8,"train/loss":0.1512,"train/grad_norm":6.6440629959106445,"train/learning_rate":1.5576323987538942e-07,"train/epoch":3,"eval/samples_per_second":424.255,"train/global_step":642,"eval/runtime":1.7914,"train_steps_per_second":4.874,"eval/macro_f1":0.9322931475963937,"train_loss":0.2453397181917945,"_wandb":{"runtime":150},"eval/steps_per_second":13.398,"_timestamp":1.7301685994293597e+09,"_step":68,"total_flos":1.34978395189248e+15,"eval/micro_f1":0.9342105263157895,"eval/loss":0.20503611862659454}