{"total_flos":3.33110559117312e+14,"train_runtime":33.7023,"_runtime":41.123810944,"eval/steps_per_second":11.926,"eval/accuracy":0.6762589928057554,"eval/loss":0.8932028412818909,"eval/runtime":0.4192,"eval/micro_f1":0.6762589928057554,"train/loss":0.7206,"_wandb":{"runtime":41},"train/learning_rate":2.830188679245283e-06,"train_loss":1.0244895107341263,"_step":19,"train/grad_norm":14.819610595703125,"train/epoch":3,"eval/samples_per_second":331.556,"_timestamp":1.7301681089448225e+09,"eval/macro_f1":0.3349966041244046,"train_samples_per_second":150.257,"train/global_step":159,"train_steps_per_second":4.718}