{"eval/runtime":2.6077,"eval/micro_f1":0.8553571428571428,"_step":36,"total_flos":6.81200638497792e+14,"eval/accuracy":0.8553571428571428,"train_steps_per_second":4.504,"_timestamp":1.7301670776693769e+09,"train/grad_norm":12.94897174835205,"_wandb":{"runtime":82},"eval/samples_per_second":429.505,"eval/loss":0.44220271706581116,"eval/steps_per_second":13.422,"train_runtime":71.9359,"eval/macro_f1":0.7827515545587834,"train_samples_per_second":143.961,"train/learning_rate":6.17283950617284e-07,"_runtime":82.058822833,"train/global_step":324,"train_loss":0.4585628557352372,"train/loss":0.2882,"train/epoch":3}