{"train_loss":0.4334987188562935,"_step":36,"eval/loss":0.4803900718688965,"_wandb":{"runtime":84},"train_runtime":74.0222,"eval/runtime":2.7247,"train/learning_rate":6.17283950617284e-07,"eval/macro_f1":0.7777692503979804,"eval/accuracy":0.8517857142857143,"eval/steps_per_second":12.845,"train_samples_per_second":139.904,"eval/micro_f1":0.8517857142857143,"train/global_step":324,"train/loss":0.2553,"_timestamp":1.7301679079465058e+09,"eval/samples_per_second":411.056,"total_flos":6.81200638497792e+14,"train/epoch":3,"_runtime":84.030027633,"train_steps_per_second":4.377,"train/grad_norm":17.321197509765625}