{"train/learning_rate":1.5576323987538942e-07,"_wandb":{"runtime":142},"train_loss":0.22462795749074574,"_step":68,"train_runtime":126.4409,"eval/macro_f1":0.9270664063434455,"_runtime":142.765016455,"train/loss":0.0658,"_timestamp":1.7301704827966263e+09,"train/grad_norm":1.6334377527236938,"eval/accuracy":0.9289473684210526,"eval/loss":0.25111624598503113,"eval/micro_f1":0.9289473684210526,"train_steps_per_second":5.077,"eval/samples_per_second":403.295,"total_flos":1.34978395189248e+15,"eval/steps_per_second":12.736,"train/epoch":3,"train_samples_per_second":162.289,"train/global_step":642,"eval/runtime":1.8845}