{"_runtime":22.138059349,"train/epoch":0.9259259259259259,"train/global_step":100,"_timestamp":1.7301712178023422e+09,"train/grad_norm":0.6473474502563477,"train/learning_rate":3.45679012345679e-05,"_wandb":{"runtime":26},"_step":9,"train/loss":0.9868}