{"train/epoch":3,"_runtime":41.508254956,"eval/samples_per_second":380.341,"eval/runtime":0.3655,"total_flos":3.33110559117312e+14,"train/grad_norm":5.242271900177002,"_wandb":{"runtime":41},"eval/steps_per_second":13.681,"train/loss":0.4121,"train_samples_per_second":154.617,"eval/loss":0.7368503212928772,"train_loss":0.7188613474743921,"eval/micro_f1":0.7985611510791367,"_step":19,"train/global_step":159,"train/learning_rate":2.830188679245283e-06,"train_steps_per_second":4.855,"eval/accuracy":0.7985611510791367,"_timestamp":1.730171255506648e+09,"train_runtime":32.7519,"eval/macro_f1":0.6786821115392544}