{"train/grad_norm":8.568114280700684,"_step":68,"eval/accuracy":0.8464285714285714,"eval/macro_f1":0.7465119460529893,"train_runtime":56.8944,"eval/micro_f1":0.8464285714285714,"total_flos":7.00123895829504e+14,"train_steps_per_second":11.39,"train/global_step":648,"_wandb":{"runtime":66},"train/learning_rate":1.234567901234568e-06,"train/epoch":3,"eval/samples_per_second":445.519,"train/loss":0.3695,"eval/steps_per_second":27.845,"train_loss":0.52212957026046,"train_samples_per_second":182.022,"eval/loss":0.4096137583255768,"eval/runtime":2.5139,"_timestamp":1.7302154862230327e+09,"_runtime":66.470239047}