{"train_loss":0.22751329781203256,"train/grad_norm":7.733522891998291,"eval/steps_per_second":13.814,"eval/runtime":1.7374,"train/learning_rate":1.5576323987538942e-07,"eval/macro_f1":0.9299476118025047,"train/loss":0.0909,"train_steps_per_second":5.086,"eval/loss":0.23561088740825653,"_step":68,"_timestamp":1.7301701505e+09,"train/global_step":642,"_wandb":{"runtime":142},"train/epoch":3,"train_runtime":126.2349,"eval/samples_per_second":437.436,"total_flos":1.34978395189248e+15,"_runtime":142.573753413,"eval/micro_f1":0.9315789473684211,"eval/accuracy":0.9315789473684211,"train_samples_per_second":162.554}