{"total_flos":6.81200638497792e+14,"train/global_step":324,"_wandb":{"runtime":79},"train/loss":0.2669,"train_samples_per_second":149.467,"eval/steps_per_second":13.707,"train/learning_rate":6.17283950617284e-07,"train_steps_per_second":4.676,"train_loss":0.4599891746485675,"_timestamp":1.7301693908595526e+09,"train/epoch":3,"_runtime":79.261870229,"eval/accuracy":0.8303571428571429,"eval/loss":0.5028092265129089,"train/grad_norm":15.354707717895508,"eval/runtime":2.5535,"_step":36,"train_runtime":69.2862,"eval/micro_f1":0.8303571428571429,"eval/macro_f1":0.7385477068626051,"eval/samples_per_second":438.62}