{"train/loss":0.9182,"eval/accuracy":0.65,"_runtime":124.903571283,"train_steps_per_second":2.879,"total_flos":7.00123895829504e+14,"_timestamp":1.7301719058920887e+09,"train_samples_per_second":92.034,"eval/steps_per_second":6.019,"train_loss":0.9500694193957765,"train_runtime":112.5241,"eval/samples_per_second":192.618,"train/epoch":3,"train/global_step":324,"_wandb":{"runtime":124},"eval/micro_f1":0.65,"train/learning_rate":6.17283950617284e-07,"eval/loss":0.8884842395782471,"eval/macro_f1":0.2626262626262626,"_step":36,"train/grad_norm":1.4036351442337036,"eval/runtime":5.8146}