{"train_samples_per_second":140.953,"_timestamp":1.7301674810780666e+09,"eval/macro_f1":0.7663503577741277,"train/grad_norm":5.214702129364014,"train_steps_per_second":4.41,"total_flos":6.81200638497792e+14,"eval/runtime":2.6163,"eval/steps_per_second":13.377,"train_loss":0.4684768458943308,"eval/loss":0.4500616192817688,"train/loss":0.276,"train/epoch":3,"_wandb":{"runtime":83},"_runtime":83.407620212,"eval/samples_per_second":428.077,"eval/accuracy":0.8517857142857143,"train/global_step":324,"_step":36,"train/learning_rate":6.17283950617284e-07,"train_runtime":73.4713,"eval/micro_f1":0.8517857142857143}