{"eval/runtime":2.6271,"train/learning_rate":6.17283950617284e-07,"train_loss":0.4674991516419399,"eval/steps_per_second":13.322,"train_runtime":73.4504,"eval/samples_per_second":426.319,"eval/macro_f1":0.738620375745494,"train_samples_per_second":140.993,"eval/loss":0.5520837903022766,"eval/accuracy":0.8285714285714286,"train_steps_per_second":4.411,"total_flos":6.81200638497792e+14,"eval/micro_f1":0.8285714285714286,"_step":36,"train/grad_norm":8.884806632995605,"_runtime":85.037537928,"train/global_step":324,"_wandb":{"runtime":85},"_timestamp":1.730171053794187e+09,"train/epoch":3,"train/loss":0.2775}