{"eval/micro_f1":0.8544642857142857,"train_steps_per_second":11.317,"eval/samples_per_second":440.71,"eval/macro_f1":0.7705708280925325,"train/grad_norm":10.682324409484863,"total_flos":7.00123895829504e+14,"train/learning_rate":1.234567901234568e-06,"train/epoch":3,"_wandb":{"runtime":68},"train/global_step":648,"eval/steps_per_second":27.544,"train_runtime":57.2577,"eval/runtime":2.5414,"_step":68,"eval/accuracy":0.8544642857142857,"train_loss":0.5216972220827032,"_timestamp":1.7302170044131126e+09,"eval/loss":0.4157487452030182,"_runtime":68.707443458,"train/loss":0.3935,"train_samples_per_second":180.866}