{"train_loss":0.46951562570936883,"train_steps_per_second":4.561,"eval/micro_f1":0.8285714285714286,"eval/steps_per_second":12.861,"eval/samples_per_second":411.542,"_step":36,"train/learning_rate":6.17283950617284e-07,"eval/accuracy":0.8285714285714286,"train/loss":0.2625,"train/grad_norm":5.140300750732422,"train/global_step":324,"train_runtime":71.0343,"eval/loss":0.4634101390838623,"eval/macro_f1":0.7385442697427628,"train/epoch":3,"eval/runtime":2.7215,"_runtime":109.246210165,"_wandb":{"runtime":109},"train_samples_per_second":145.789,"_timestamp":1.7301692096741138e+09,"total_flos":6.81200638497792e+14}