{"eval/macro_f1":0.7827515545587834,"eval/runtime":2.6209,"train/epoch":3,"total_flos":6.81200638497792e+14,"eval/accuracy":0.8553571428571428,"eval/steps_per_second":13.354,"train/global_step":324,"train/grad_norm":12.94897174835205,"train_runtime":71.521,"train_loss":0.4585628557352372,"_runtime":81.467036607,"_timestamp":1.730167171105072e+09,"eval/samples_per_second":427.326,"train_samples_per_second":144.797,"train/loss":0.2882,"train_steps_per_second":4.53,"eval/loss":0.44220271706581116,"eval/micro_f1":0.8553571428571428,"train/learning_rate":6.17283950617284e-07,"_wandb":{"runtime":81},"_step":36}