{"eval/runtime":6.1893,"_timestamp":1.7301721389394653e+09,"train/grad_norm":2.7392895221710205,"eval/samples_per_second":180.959,"eval/accuracy":0.65,"train/loss":0.9363,"_runtime":51.502369728,"eval/steps_per_second":5.655,"eval/micro_f1":0.65,"train/global_step":130,"train/learning_rate":5.987654320987654e-05,"eval/macro_f1":0.2626262626262626,"_wandb":{"runtime":54},"_step":13,"train/epoch":1.2037037037037037,"eval/loss":0.8999478220939636}