{"train/loss":0.1099,"_wandb":{"runtime":144},"eval/accuracy":0.9289473684210526,"_step":68,"eval/samples_per_second":434.096,"train_steps_per_second":5.042,"eval/loss":0.2621573805809021,"train/epoch":3,"train_loss":0.22509178439752892,"eval/micro_f1":0.9289473684210526,"_runtime":144.424192025,"train_runtime":127.3249,"eval/runtime":1.7508,"train/learning_rate":1.5576323987538942e-07,"train_samples_per_second":161.163,"train/global_step":642,"eval/macro_f1":0.9273905890360244,"_timestamp":1.7301699973434937e+09,"total_flos":1.34978395189248e+15,"eval/steps_per_second":13.708,"train/grad_norm":0.8110511898994446}