{"eval/steps_per_second":27.333,"train_runtime":57.3429,"train_steps_per_second":11.3,"_timestamp":1.730217162015865e+09,"eval/accuracy":0.8491071428571428,"_runtime":66.833600085,"_wandb":{"runtime":66},"eval/micro_f1":0.8491071428571428,"eval/runtime":2.561,"train_loss":0.5148105845775133,"train_samples_per_second":180.598,"train/loss":0.2675,"train/global_step":648,"_step":68,"train/epoch":3,"eval/loss":0.4271165728569031,"eval/macro_f1":0.7496828995946387,"total_flos":7.00123895829504e+14,"eval/samples_per_second":437.329,"train/grad_norm":3.2608935832977295,"train/learning_rate":1.234567901234568e-06}