{"train/loss":0.2139,"train_steps_per_second":4.412,"total_flos":6.81200638497792e+14,"_step":36,"train/learning_rate":6.17283950617284e-07,"train_samples_per_second":141.025,"eval/micro_f1":0.8669642857142857,"train_runtime":73.4338,"eval/samples_per_second":421.421,"eval/loss":0.4440586268901825,"train/global_step":324,"eval/macro_f1":0.7924074163906019,"train/grad_norm":5.645821571350098,"train_loss":0.4606849661579839,"_runtime":84.560432921,"eval/steps_per_second":13.169,"_wandb":{"runtime":84},"_timestamp":1.7301676218822844e+09,"train/epoch":3,"eval/accuracy":0.8669642857142857,"eval/runtime":2.6577}