{"eval/macro_f1":0.7433468734797685,"train/epoch":3,"train_runtime":56.2359,"eval/loss":0.41418954730033875,"eval/runtime":2.4799,"train/loss":0.4326,"_wandb":{"runtime":66},"eval/micro_f1":0.8446428571428571,"train_steps_per_second":11.523,"_step":68,"eval/steps_per_second":28.227,"total_flos":7.00123895829504e+14,"train_samples_per_second":184.153,"eval/samples_per_second":451.639,"train/global_step":648,"_timestamp":1.7302156410515282e+09,"train/learning_rate":1.234567901234568e-06,"_runtime":66.094312985,"train/grad_norm":5.850816249847412,"eval/accuracy":0.8446428571428571,"train_loss":0.52612927151315}